date,ext,detection,detection_name,engine_ver,elapsed_time,file_path,sha256,vt_positives,vt_total,vt_keyword
2022-05-29,ELF,Benign,,,0.0,00cdf6a02e6ba497973f469a4735b7d5818db928de678d572df7a0a1eb2e014e.elf,00cdf6a02e6ba497973f469a4735b7d5818db928de678d572df7a0a1eb2e014e,39,60,linux mirai trojan mlj backdoor
2022-05-29,EXE,Benign,,,0.0,00fe7d7101fdda1828cba75767e016a5962f71db807e07e5d0d9d171457f57ac.exe,00fe7d7101fdda1828cba75767e016a5962f71db807e07e5d0d9d171457f57ac,58,69,trojan nanocore msil backdoor generic
2022-05-29,EXE,Benign,,,0.0,01c16eabaab034fa6db30583f9fd82af4a4fc121e7f0532a5deecf8b5b83917d.exe,01c16eabaab034fa6db30583f9fd82af4a4fc121e7f0532a5deecf8b5b83917d,12,68,trojan artemis msil generic bootkitx-gen
2022-05-29,ELF,Benign,,,0.0,03e1f304077e02e105baee280100936184f0083018fd4a6db4c7dad538029740.elf,03e1f304077e02e105baee280100936184f0083018fd4a6db4c7dad538029740,30,59,mirai linux trojan 1 a
2022-05-29,EXE,Benign,,,0.0,0485780dcb1eb6a50a1c02bfbacad41f6402d50b3cdd61b98271f673d736e98b.exe,0485780dcb1eb6a50a1c02bfbacad41f6402d50b3cdd61b98271f673d736e98b,24,68,trojan msil win32 taskun malicious
2022-05-29,EXE,Benign,,,0.0,05d57f5a9de385039f7c3b130325595f176d7181e205681b22a1ad9e4f46951b.exe,05d57f5a9de385039f7c3b130325595f176d7181e205681b22a1ad9e4f46951b,48,70,trojan msil malicious il msilzilla
2022-05-29,EXE,Benign,,,0.0,0c2904ecd4b19029cf744748d94fc2eab2292b46fafda9956e0e24e2e5dda191.exe,0c2904ecd4b19029cf744748d94fc2eab2292b46fafda9956e0e24e2e5dda191,46,69,trojan msil gen variant lazy
2022-05-29,EXE,Benign,,,0.0,0d66963f740bff50acc41caab4a86629f168b38293d6c05774e0e4db617c046d.exe,0d66963f740bff50acc41caab4a86629f168b38293d6c05774e0e4db617c046d,31,69,trojan gen nemesis variant 7115
2022-05-29,EXE,Benign,,,0.0,0e8fe8321d3ae4c7edcf58b0048285b630e63c3a1ee17222349cfe32c1b46293.exe,0e8fe8321d3ae4c7edcf58b0048285b630e63c3a1ee17222349cfe32c1b46293,20,64,malicious gen msil trojan w32
2022-05-29,EXE,Benign,,,0.0,1092843eeab5d8d15a58211a45b65a568e52842fce63aef32e46b87e159bd935.exe,1092843eeab5d8d15a58211a45b65a568e52842fce63aef32e46b87e159bd935,44,69,trojan msil gen variant win32
2022-05-29,EXE,Benign,,,0.0,121873343a2752cdfce8f990986da1fd6e05883b44e62bfd0639a7508c58e387.exe,121873343a2752cdfce8f990986da1fd6e05883b44e62bfd0639a7508c58e387,31,66,trojan win32 malicious generickdz 88236
2022-05-29,ELF,Benign,,,0.0,13129021bd9b9ed405f9c133101f4c03079aa03883f8faf1f80626bcd466e2e3.elf,13129021bd9b9ed405f9c133101f4c03079aa03883f8faf1f80626bcd466e2e3,14,60,linux mirai trojan elf backdoor
2022-05-29,EXE,Benign,,,0.0,14910cbfb55d39bec4f5f6e43110388cfb23a10f94e0df456bd054bf491fda86.exe,14910cbfb55d39bec4f5f6e43110388cfb23a10f94e0df456bd054bf491fda86,24,68,win32 malicious trojan gen ml
2022-05-29,ELF,Benign,,,0.0,14c1a0c4fcb4cc4204fc19e9c618e09e199c9b579b6b0341322974d91207b124.elf,14c1a0c4fcb4cc4204fc19e9c618e09e199c9b579b6b0341322974d91207b124,35,60,linux mirai trojan backdoor generickd
2022-05-29,EXE,Benign,,,0.0,15137e51de6b1766adcbc628bc24d5931fbbffa22a8f237d0331946eeb263e63.exe,15137e51de6b1766adcbc628bc24d5931fbbffa22a8f237d0331946eeb263e63,20,69,win32 msil trojan generic w32
2022-05-29,ELF,Benign,,,0.0,1604f0ab1f506a83d9ad14f9cc75a28cd16f6b245cd5d2e2e942685f553006db.elf,1604f0ab1f506a83d9ad14f9cc75a28cd16f6b245cd5d2e2e942685f553006db,34,60,linux trojan mirai gen variant
2022-05-29,EXE,Benign,,,0.0,16a81a265cea156034bea5db891d480535cf697bdd8c8917fc6d994c33ddfdf0.exe,16a81a265cea156034bea5db891d480535cf697bdd8c8917fc6d994c33ddfdf0,41,69,win32 trojan malicious msil generickd
2022-05-29,EXE,Benign,,,0.0,1a28501ba0ea432b33e5b63b2b428cedc265b6dce0002173d87ee5bae0a1346b.exe,1a28501ba0ea432b33e5b63b2b428cedc265b6dce0002173d87ee5bae0a1346b,52,68,win32 trojan delf pws ins
2022-05-29,EXE,Benign,,,0.0,1b39b6803f086419f973c91bb4969d1961853566c9ad36de23ee7aa9075dabab.exe,1b39b6803f086419f973c91bb4969d1961853566c9ad36de23ee7aa9075dabab,47,69,trojan msil gen variant lazy
2022-05-29,ELF,Benign,,,0.0,1f1cc01ef2c5b07ffe5718dc057405ddd48c964ec72483b8d95a79d09fcba056.elf,1f1cc01ef2c5b07ffe5718dc057405ddd48c964ec72483b8d95a79d09fcba056,13,60,linux mirai trojan elf backdoor
2022-05-29,ELF,Benign,,,0.0,1f940053f5df8995c73ad3913c5af57fd29f0f6793b4b65f14f1103eacf300b2.elf,1f940053f5df8995c73ad3913c5af57fd29f0f6793b4b65f14f1103eacf300b2,19,59,linux mirai trojan 1 elf
2022-05-29,EXE,Benign,,,0.0,1f9df9c77d848763463259351a801f7cd187a09e0d67509cc2c7f4cfe6fcca9d.exe,1f9df9c77d848763463259351a801f7cd187a09e0d67509cc2c7f4cfe6fcca9d,22,69,generic malicious malware trojan msil
2022-05-29,ELF,Benign,,,0.0,21a65c7320bb7fb4936aaeff6212378b5db9aefc67ddbddc47e77cb7fdce6796.elf,21a65c7320bb7fb4936aaeff6212378b5db9aefc67ddbddc47e77cb7fdce6796,4,59,linux gafgyt trojan a variant
2022-05-29,EXE,Benign,,,0.0,2224910c2555982047835d3a2cf7666c0e11d02f9bb20f2ba4cd87696c2f09a4.exe,2224910c2555982047835d3a2cf7666c0e11d02f9bb20f2ba4cd87696c2f09a4,34,69,gen variant malicious msilheracles 38846
2022-05-29,ELF,Benign,,,0.0,24152b717aafa746eae00337a93939005264ddc2e7e286a5685e8edec9393737.elf,24152b717aafa746eae00337a93939005264ddc2e7e286a5685e8edec9393737,34,59,linux mirai trojan 1 backdoor
2022-05-29,EXE,Benign,,,0.0,27af39fa2035877bc021012eaa968d998101afd2fc7a421c6270f2635eec41e2.exe,27af39fa2035877bc021012eaa968d998101afd2fc7a421c6270f2635eec41e2,35,68,win32 trojan gen malicious agent
2022-05-29,EXE,Benign,,,0.0,29aecf60d2b78688a409dd254eba6414e13fded9ebca1ac8beb624e252ae2f0c.exe,29aecf60d2b78688a409dd254eba6414e13fded9ebca1ac8beb624e252ae2f0c,34,68,trojan gen malicious variant jaik
2022-05-29,ELF,Benign,,,0.0,2cd406aa9062c0f872bf0ff0320d3fd6fb24321bbd9b1f96f874afcedc857591.elf,2cd406aa9062c0f872bf0ff0320d3fd6fb24321bbd9b1f96f874afcedc857591,15,60,linux mirai backdoor a trojan
2022-05-29,ELF,Benign,,,0.0,32f60200beb19fa35b2676c25b7bc15caa9ec700aed28bbec0c115728643de74.elf,32f60200beb19fa35b2676c25b7bc15caa9ec700aed28bbec0c115728643de74,32,61,linux trojan mirai gen variant
2022-05-29,ELF,Benign,,,0.0,36d4a0b7367fef247ecbb7fe709e9c94128a7f142a825d2c17fb680cde40dd7e.elf,36d4a0b7367fef247ecbb7fe709e9c94128a7f142a825d2c17fb680cde40dd7e,33,60,linux mirai trojan 1 backdoor
2022-05-29,EXE,Benign,,,0.0,3a82105527a23a7ac48f854d245d58d8d34cdb0e118639eedbc7a76034ead35f.exe,3a82105527a23a7ac48f854d245d58d8d34cdb0e118639eedbc7a76034ead35f,48,70,trojan win32 gen variant malicious
2022-05-29,EXE,Benign,,,0.0,3d27d155c992ec9a73d28e2063e22e0a9822c7deecc8278e2bb60ca79b4d11b1.exe,3d27d155c992ec9a73d28e2063e22e0a9822c7deecc8278e2bb60ca79b4d11b1,34,69,gen strictor variant 273051 msil
2022-05-29,EXE,Benign,,,0.0,3eb501b1e2997a3cdbb81db7781b9c0bc9860e101ab8118d7c1c228e3259b75f.exe,3eb501b1e2997a3cdbb81db7781b9c0bc9860e101ab8118d7c1c228e3259b75f,0,0,
2022-05-29,ELF,Benign,,,0.0,42ba565de765f3652e291931d3ce4a414aebe2f55e9fe2910f080aa9725dee2d.elf,42ba565de765f3652e291931d3ce4a414aebe2f55e9fe2910f080aa9725dee2d,20,59,linux mirai variant 1 gen
2022-05-29,EXE,Benign,,,0.0,4617069ce25709428086ed41f2b3929a732318b4291e34e5178239415938097d.exe,4617069ce25709428086ed41f2b3929a732318b4291e34e5178239415938097d,22,68,malicious trojan win32 ml w32
2022-05-29,EXE,Benign,,,0.0,47159757c0e58254d6b59eab72adc87b58dca31897a53cf0cace18e06863a0b3.exe,47159757c0e58254d6b59eab72adc87b58dca31897a53cf0cace18e06863a0b3,0,0,
2022-05-29,EXE,Benign,,,0.0,4885e7bde06a0b7c27a0bb3bda4b277175b075d5a47a816389433e48a08fc9ea.exe,4885e7bde06a0b7c27a0bb3bda4b277175b075d5a47a816389433e48a08fc9ea,13,68,win32 backdoor gen malicious uds
2022-05-29,DOC,Benign,,,0.001467,4a24048f81afbe9fb62e7a6a49adbd1faf41f266b5f9feecdceb567aec096784.doc,4a24048f81afbe9fb62e7a6a49adbd1faf41f266b5f9feecdceb567aec096784,12,60,trojan generickd 50350679 w97m downloader
2022-05-29,EXE,Benign,,,0.0,4a6602205094982242c95e20a2bed8374aeb166cd8c07560773b39583a9fc031.exe,4a6602205094982242c95e20a2bed8374aeb166cd8c07560773b39583a9fc031,19,68,gen nemesis variant 7352 malicious
2022-05-29,EXE,Benign,,,0.0,4b51bfdfb096e034e057e4cf48abcdb2f8f3301d3493f286053bf66f9b74f175.exe,4b51bfdfb096e034e057e4cf48abcdb2f8f3301d3493f286053bf66f9b74f175,28,69,trojan generickdz 88241 generic multi
2022-05-29,ELF,Benign,,,0.0,4d8b55115105080e1b235ed178dde769f23e91b554f4d6bb801c6b9c761dadc3.elf,4d8b55115105080e1b235ed178dde769f23e91b554f4d6bb801c6b9c761dadc3,8,60,linux gafgyt elf gafgyt-an cryp
2022-05-29,ELF,Benign,,,0.0,50318a199f48adaa8378271b7d6fec96bfee7725b4e3a94506a461ae2845ae8f.elf,50318a199f48adaa8378271b7d6fec96bfee7725b4e3a94506a461ae2845ae8f,22,59,linux mirai trojan 1 backdoor
2022-05-29,EXE,Benign,,,0.0,50cea054f1bfeb13485a6a3fb68319577f577db8a9442552fbc55f3f111c5c66.exe,50cea054f1bfeb13485a6a3fb68319577f577db8a9442552fbc55f3f111c5c66,52,68,trojan win32 cobaltstrike generic exploit
2022-05-29,ELF,Benign,,,0.0,52fa6a2e7f70d445d576674f8968641532127d9646e844dba29526ce9f21a746.elf,52fa6a2e7f70d445d576674f8968641532127d9646e844dba29526ce9f21a746,36,60,mirai linux trojan 1 backdoor
2022-05-29,EXE,Benign,,,0.0,5365f41c2622c96524db9665805c52e6c5b1374909392eda38452711d1c9dbf4.exe,5365f41c2622c96524db9665805c52e6c5b1374909392eda38452711d1c9dbf4,43,68,win32 gen variant zusy 425530
2022-05-29,EXE,Benign,,,0.0,5c2f7cf7cc4886a0e1905b2de9f1e9b1b376120f1a7a5c82151b6f77e6f77b90.exe,5c2f7cf7cc4886a0e1905b2de9f1e9b1b376120f1a7a5c82151b6f77e6f77b90,29,69,trojan msil generic malicious noon
2022-05-29,ELF,Benign,,,0.0,5c95825861d1432f3560ab4bc0021ec7d2f093e145d3f9cc9c24079e8062e6c7.elf,5c95825861d1432f3560ab4bc0021ec7d2f093e145d3f9cc9c24079e8062e6c7,22,60,linux mirai trojan 1 elf
2022-05-29,EXE,Benign,,,0.0,5d3bb900041880e4488983a78c7cc2f29d476ec6f54501d980edecbb6f28229f.exe,5d3bb900041880e4488983a78c7cc2f29d476ec6f54501d980edecbb6f28229f,42,69,trojan win32 malicious generickd 49075476
2022-05-29,EXE,Benign,,,0.0,6208fe595e09c0e47c4edf6b9ae4831129da473532c0f45d29cc62c6bd7b5e6b.exe,6208fe595e09c0e47c4edf6b9ae4831129da473532c0f45d29cc62c6bd7b5e6b,24,68,win64 trojan emotet malicious c
2022-05-29,EXE,Benign,,,0.0,64b0b4f8536fc55d8ca14c01f1054d0b85e6bc704dcc43c056776a05f1fde101.exe,64b0b4f8536fc55d8ca14c01f1054d0b85e6bc704dcc43c056776a05f1fde101,21,68,gen tedy variant 128705 malicious
2022-05-29,EXE,Benign,,,0.0,64e57f479794015bb205b9bf37cfcac5c20087d66343656488502f0e1957e7a8.exe,64e57f479794015bb205b9bf37cfcac5c20087d66343656488502f0e1957e7a8,22,67,malicious trojan win32 ml generic
2022-05-29,EXE,Benign,,,0.0,67b2ea8bf7fb9fb2a075da771cc1bf0eb642ef2455bdf871aaeda69715cb6f0e.exe,67b2ea8bf7fb9fb2a075da771cc1bf0eb642ef2455bdf871aaeda69715cb6f0e,22,66,malicious trojan win32 ml w32
2022-05-29,EXE,Benign,,,0.0,6c264099d366cab67ddebfb9ba73213986c66087dec9c6ef6971774439950157.exe,6c264099d366cab67ddebfb9ba73213986c66087dec9c6ef6971774439950157,30,70,gen variant tedy 126290 trojan
2022-05-29,EXE,Benign,,,0.0,6f50ae6dfc12c685179e878890fd801fac676ff20b26e08fb1f18092bff76a31.exe,6f50ae6dfc12c685179e878890fd801fac676ff20b26e08fb1f18092bff76a31,18,68,trojan generickdz 88244 win32 w32
2022-05-29,EXE,Benign,,,0.0,7027e7c8ac1db327ff484f153b56767121d306264332418047b1c3bcb78613d3.exe,7027e7c8ac1db327ff484f153b56767121d306264332418047b1c3bcb78613d3,24,69,win32 backdoor trojan malicious lotok
2022-05-29,EXE,Benign,,,0.0,712b9c35cccb19d613a72ca131dfea33aea7b6e59b0dac798f5435993a33d991.exe,712b9c35cccb19d613a72ca131dfea33aea7b6e59b0dac798f5435993a33d991,21,68,malicious ml generic win32 w32
2022-05-29,EXE,Benign,,,0.0,71f1c8e85b4187c34451aea70125e7f21759d7e24ada3f74c4d0e6df6d583e4b.exe,71f1c8e85b4187c34451aea70125e7f21759d7e24ada3f74c4d0e6df6d583e4b,40,66,trojan generic icedid 30628561 win32
2022-05-29,7Z,Benign,,,0.0,72b5c1eee8f0fcfef6817c8858f1661de269386ce804f0caa87b47bc081d7d27.7z,72b5c1eee8f0fcfef6817c8858f1661de269386ce804f0caa87b47bc081d7d27,22,58,trojan msil gen netwiredrc ai
2022-05-29,ELF,Benign,,,0.0,776ec975c58e9b1b5aae58c896c69827845fb29b1d096e8db00aea5690a13a79.elf,776ec975c58e9b1b5aae58c896c69827845fb29b1d096e8db00aea5690a13a79,23,60,linux mirai trojan 1 a
2022-05-29,EXE,Benign,,,0.0,7b92106a488a7894918ca3ea16e1eff6c59744b5aefef69427de081f3765ddbb.exe,7b92106a488a7894918ca3ea16e1eff6c59744b5aefef69427de081f3765ddbb,24,68,malicious trojan win32 ml generic
2022-05-29,EXE,Benign,,,0.0,7cd9fa6a0ed363ed654c8257182eb2455e952ac93648fe5af6455bed468a9ac0.exe,7cd9fa6a0ed363ed654c8257182eb2455e952ac93648fe5af6455bed468a9ac0,54,68,trojan msil quasar win32 backdoor
2022-05-29,EXE,Benign,,,0.0,7d404987992a4c6a08d9fe7c240556b74a50d67466ff2fe8811b45c304a7fec3.exe,7d404987992a4c6a08d9fe7c240556b74a50d67466ff2fe8811b45c304a7fec3,21,67,gen variant lazy 185520 ml
2022-05-29,EXE,Benign,,,0.0,7ed6e17d4eb4b8124ec1dac5ef69265d24c5fd7e9fb39e8a35b8f20cb9ee8edf.exe,7ed6e17d4eb4b8124ec1dac5ef69265d24c5fd7e9fb39e8a35b8f20cb9ee8edf,45,69,trojan msil gen variant lazy
2022-05-29,EXE,Benign,,,0.0,7f55c1b5c5b97c08b970a1a6f7ca2f7f5de776be6cc74bb644cc6c893bbaf189.exe,7f55c1b5c5b97c08b970a1a6f7ca2f7f5de776be6cc74bb644cc6c893bbaf189,46,68,trojan msil gen variant lazy
2022-05-29,EXE,Benign,,,0.0,7ff0ff6e51a58398ad73da3cc8e7e6233a23e49d93aaa4b190672e4f9f08b9bb.exe,7ff0ff6e51a58398ad73da3cc8e7e6233a23e49d93aaa4b190672e4f9f08b9bb,27,69,gen variant jaik 77355 trojan
2022-05-29,EXE,Benign,,,0.0,87a643f05a4a942da305e22222193770bee9ecee4f7f0442408445336bf1c8ef.exe,87a643f05a4a942da305e22222193770bee9ecee4f7f0442408445336bf1c8ef,35,68,gen trojan variant malicious jaik
2022-05-29,EXE,Benign,,,0.0,8859260318fb3b004aeabee2568ad31516c5882e7efd443b6934312a66f7b661.exe,8859260318fb3b004aeabee2568ad31516c5882e7efd443b6934312a66f7b661,44,66,trojan win32 gen variant malicious
2022-05-29,EXE,Benign,,,0.0,89d454fd9567e1a4fea94ba3a3712373ab809be8e88a9f6f29b499048beaeff9.exe,89d454fd9567e1a4fea94ba3a3712373ab809be8e88a9f6f29b499048beaeff9,22,67,trojan malicious win32 ml w32
2022-05-29,EXE,Benign,,,0.0,8f6519653bfad6ade33537621fffe65e9045703f466b07326ad7ce0bd28e98a2.exe,8f6519653bfad6ade33537621fffe65e9045703f466b07326ad7ce0bd28e98a2,41,69,trojan msil generic generickd 39707255
2022-05-29,ELF,Benign,,,0.0,9279e353f296d1e115fa32cc01b0fd147a61d1a1d9e1c9f08a7124181a30ee52.elf,9279e353f296d1e115fa32cc01b0fd147a61d1a1d9e1c9f08a7124181a30ee52,35,60,mirai linux trojan 1 backdoor
2022-05-29,MSI,Benign,,,0.0,9830bd16aedd4387da7bbe79c4e036b60b005df5d2964626c10be2d30257c35f.msi,9830bd16aedd4387da7bbe79c4e036b60b005df5d2964626c10be2d30257c35f,8,59,win32 banload bv agent-bog trj
2022-05-29,EXE,Benign,,,0.0,9e23fa0284eb968a9fc2e2b0d03993bef470cb1405676b66c4fa05c746ec1410.exe,9e23fa0284eb968a9fc2e2b0d03993bef470cb1405676b66c4fa05c746ec1410,49,69,win32 trojan generic malicious mulinex
2022-05-29,EXE,Benign,,,0.0,9e29af6ac4f0e8a2d70dfcbb00c3a43d9d3bf5991068afae5cea53a6d25e0cb6.exe,9e29af6ac4f0e8a2d70dfcbb00c3a43d9d3bf5991068afae5cea53a6d25e0cb6,28,69,gen variant tedy 128705 malicious
2022-05-29,HTML,Benign,,,0.0,a30abde167f96d1183d155fc916f6aa77520562f8fb87466944bf0cc65b5dda2.html,a30abde167f96d1183d155fc916f6aa77520562f8fb87466944bf0cc65b5dda2,12,57,html phish phishing script trojan
2022-05-29,EXE,Benign,,,0.0,a7e196f90f76afcaa5f6b56ab453fbeebf51b6393e60a1354c2f087d293d540b.exe,a7e196f90f76afcaa5f6b56ab453fbeebf51b6393e60a1354c2f087d293d540b,0,0,
2022-05-29,JAR,Benign,,,0.0,a8bdcbe20b8253ce7427686f3cfe79e336e807d9fd82b5724793368f5dda2e97.jar,a8bdcbe20b8253ce7427686f3cfe79e336e807d9fd82b5724793368f5dda2e97,30,60,java trojan genericgb 29230 gen
2022-05-29,EXE,Benign,,,0.0,aac9be39ba2d7383d8b72e9ab50e41a12fe1203f69b16183e726ac584c0122fd.exe,aac9be39ba2d7383d8b72e9ab50e41a12fe1203f69b16183e726ac584c0122fd,42,68,trojan msil generickdz 88084 agensla
2022-05-29,ELF,Benign,,,0.0,ab93401d999d616368a3ff03b84189cbd075ede7563a03c72fc29eac79e1b388.elf,ab93401d999d616368a3ff03b84189cbd075ede7563a03c72fc29eac79e1b388,25,59,linux mirai trojan 1 backdoor
2022-05-29,EXE,Benign,,,0.0,addfedb90d654a7eeed9470771298c60d97cf09d2766ca223ce9ee4d61899bc2.exe,addfedb90d654a7eeed9470771298c60d97cf09d2766ca223ce9ee4d61899bc2,0,0,
2022-05-29,EXE,Benign,,,0.0,af3fe54766d73b5d832f60138055a992e440de735ca9e5cb33caa6f4de671b26.exe,af3fe54766d73b5d832f60138055a992e440de735ca9e5cb33caa6f4de671b26,32,69,gen variant tedy msil 128705
2022-05-29,ELF,Benign,,,0.0,bd7c99096d0357a462a4deaa5ad9b569793405d1b7359c27c603591eb8e6d37d.elf,bd7c99096d0357a462a4deaa5ad9b569793405d1b7359c27c603591eb8e6d37d,31,59,linux mirai trojan 1 backdoor
2022-05-29,ELF,Benign,,,0.0,c031c605ebbe9976df526770158153cb4cd2cc1563abd8a77fd5d10aeb9437d0.elf,c031c605ebbe9976df526770158153cb4cd2cc1563abd8a77fd5d10aeb9437d0,36,60,mirai linux trojan 1 backdoor
2022-05-29,ELF,Benign,,,0.0,c484d236d4096155e5f75075c231e41af19a85c4c3c9a91279b702a9cdb6d0f9.elf,c484d236d4096155e5f75075c231e41af19a85c4c3c9a91279b702a9cdb6d0f9,32,60,linux trojan mirai gen variant
2022-05-29,EXE,Benign,,,0.0,c4d15514ba8f971b8eb5f1cbb493c773b5d6d84c7921bfa4c2e1779e744b26dd.exe,c4d15514ba8f971b8eb5f1cbb493c773b5d6d84c7921bfa4c2e1779e744b26dd,36,69,win32 gen trojan variant tedy
2022-05-29,ELF,Benign,,,0.0,c8061f0b024ade5d2daf1b1c0dd5e5af2d970a4164296af0e8d36b37389b5680.elf,c8061f0b024ade5d2daf1b1c0dd5e5af2d970a4164296af0e8d36b37389b5680,14,59,mirai linux elf backdoor a
2022-05-29,ELF,Benign,,,0.0,ca9983fa538b51ddaf8129baf2cf96c4b68e3ed1b414102d4f2313eff37e7f85.elf,ca9983fa538b51ddaf8129baf2cf96c4b68e3ed1b414102d4f2313eff37e7f85,36,61,linux mirai trojan 1 backdoor
2022-05-29,EXE,Benign,,,0.0,cac28dbffd64b5146754771ee9994cca89c606043df14a7167e47e52a650d9f0.exe,cac28dbffd64b5146754771ee9994cca89c606043df14a7167e47e52a650d9f0,26,69,win32 trojan msil androm malicious
2022-05-29,EXE,Benign,,,0.0,ce20195a9556da8cdff45dd636c2dc7ed08954762c5e3214472218d2a5f36c19.exe,ce20195a9556da8cdff45dd636c2dc7ed08954762c5e3214472218d2a5f36c19,56,68,trojan win32 avemaria agent w32
2022-05-29,EXE,Benign,,,0.0,ce7d4e0c7eccead1c4746fdfb2b168fbcde141104a6b045a716dbc2d95b6d145.exe,ce7d4e0c7eccead1c4746fdfb2b168fbcde141104a6b045a716dbc2d95b6d145,36,69,trojan msil generic malicious generickd
2022-05-29,EXE,Benign,,,0.0,cfa68ef922dcfc909b9464418f74a6c1ebe3cdef3df406d7fdb9114862ee2eb2.exe,cfa68ef922dcfc909b9464418f74a6c1ebe3cdef3df406d7fdb9114862ee2eb2,44,69,trojan gen variant jaik malicious
2022-05-29,EXE,Benign,,,0.0,d219fbada6312282f862fcc037cb90999a13dbbd832eb997651685069c83cb76.exe,d219fbada6312282f862fcc037cb90999a13dbbd832eb997651685069c83cb76,40,68,trojan msil generickd 49067833 generic
2022-05-29,EXE,Benign,,,0.0,d21fc48678f43f43d9bf6c63633497b8ced09a4f3a3da6d46ade67ead39be4de.exe,d21fc48678f43f43d9bf6c63633497b8ced09a4f3a3da6d46ade67ead39be4de,0,0,
2022-05-29,ELF,Benign,,,0.0,d32795e1f2412fe41d7c580c4b5ce4b2dcf43cdfca23fa819fd4067ff8153bb7.elf,d32795e1f2412fe41d7c580c4b5ce4b2dcf43cdfca23fa819fd4067ff8153bb7,35,60,linux mirai trojan 1 a
2022-05-29,PHP,Benign,,,0.0,d3e90cba2cb33e10e136acd6dcbe945e501abd90e93f2baa2a64ed92f881d33f.php,d3e90cba2cb33e10e136acd6dcbe945e501abd90e93f2baa2a64ed92f881d33f,2,58,html phishingbank-btw phish
2022-05-29,EXE,Benign,,,0.0,d4c7e9843be5016c1833f44f57de3439967d9b0e07b86aa7f3ff6571c7139ea6.exe,d4c7e9843be5016c1833f44f57de3439967d9b0e07b86aa7f3ff6571c7139ea6,39,68,trojan win32 gen variant fragtor
2022-05-29,EXE,Benign,,,0.0,d4edb1acc2e1f9f4a22a7e82d69d27a58028f12b6e9a3df7625e0ef8895b3fa6.exe,d4edb1acc2e1f9f4a22a7e82d69d27a58028f12b6e9a3df7625e0ef8895b3fa6,26,69,msil trojan generic malicious malware
2022-05-29,ELF,Benign,,,0.0,d8418ebf45fe4c433abbcfc9e89a8ef98232e2c5c75d37b7a1c88333f1be0e82.elf,d8418ebf45fe4c433abbcfc9e89a8ef98232e2c5c75d37b7a1c88333f1be0e82,22,59,linux trojan mirai variant gafgyt
2022-05-29,EXE,Benign,,,0.0,d880050f2f068d580af51fac3b5258a225d93c243f3a6baa621daff162f1d792.exe,d880050f2f068d580af51fac3b5258a225d93c243f3a6baa621daff162f1d792,25,69,malicious msil gen trojan w32
2022-05-29,EXE,Benign,,,0.0,d8eb0cd465f3e4cef6571c08b8468a8ddf4a95bf1c8eb482170c85b7803c6b49.exe,d8eb0cd465f3e4cef6571c08b8468a8ddf4a95bf1c8eb482170c85b7803c6b49,43,69,trojan msil gen variant lazy
2022-05-29,ELF,Benign,,,0.0,d94db3cd18e7a8a2b7857b16055780bd14487a8e580804fac48a6dd535826c75.elf,d94db3cd18e7a8a2b7857b16055780bd14487a8e580804fac48a6dd535826c75,32,60,linux trojan mirai gen variant
2022-05-29,ELF,Benign,,,0.0,d9c99b0543728609f9fbf112cbb68d6ae5d81f4f78ed216c2e74e2de238e3ecd.elf,d9c99b0543728609f9fbf112cbb68d6ae5d81f4f78ed216c2e74e2de238e3ecd,23,59,linux mirai trojan 1 backdoor
2022-05-29,EXE,Benign,,,0.0,db017ac087801df93355452c6878af51127b2902ee80b69d0ec8e1d192ae553b.exe,db017ac087801df93355452c6878af51127b2902ee80b69d0ec8e1d192ae553b,34,69,gen msil variant tedy 128705
2022-05-29,EXE,Benign,,,0.0,ddd9d2b16b38e452113c1d53b307debaa6326f3eea80f1ace0f8fdf4c7988c9f.exe,ddd9d2b16b38e452113c1d53b307debaa6326f3eea80f1ace0f8fdf4c7988c9f,40,68,trojan win64 generickd emotet 39707515
2022-05-29,ELF,Benign,,,0.0,ddf8f5804d77441434c563e55d5d393288d040f989548751727e63f138ce0eea.elf,ddf8f5804d77441434c563e55d5d393288d040f989548751727e63f138ce0eea,28,60,linux trojan gen gafgyt 8
2022-05-29,ELF,Benign,,,0.0,e432ababc952ca1b6038f4beb3fbb34d91cac7f2de762dc932dd2ee13105ccf3.elf,e432ababc952ca1b6038f4beb3fbb34d91cac7f2de762dc932dd2ee13105ccf3,35,61,linux trojan mirai agent ios
2022-05-29,EXE,Benign,,,0.0,e51ef72eba009c8b9c06381c22b6669a4300c98c31a08415e72fe62687e22eba.exe,e51ef72eba009c8b9c06381c22b6669a4300c98c31a08415e72fe62687e22eba,24,67,win64 emotet trojan malicious emotet-ftn
2022-05-29,ELF,Benign,,,0.0,e9f879fab5b8caaf3ce47c38b3706dbb6dc094b81f480666aeb7c51abe440832.elf,e9f879fab5b8caaf3ce47c38b3706dbb6dc094b81f480666aeb7c51abe440832,21,61,linux mirai trojan 1 elf
2022-05-29,EXE,Benign,,,0.0,eb0afc9954eb17112e1ea30ea1478eb8578e4cf090c41e49380fae309e07a19a.exe,eb0afc9954eb17112e1ea30ea1478eb8578e4cf090c41e49380fae309e07a19a,36,69,trojan win32 generickd 50343112 malicious
2022-05-29,EXE,Benign,,,0.0,ebbfa09bd5659cfd281fa3d27b6e8be14217a2933dae10e2dfb4669253cc03b6.exe,ebbfa09bd5659cfd281fa3d27b6e8be14217a2933dae10e2dfb4669253cc03b6,40,69,trojan msil generickd 49015068 win32
2022-05-29,EXE,Benign,,,0.0,ec2e6f3e0ef4ff00389444dd676356000fb45b9335164ea9e26b75102367f4f5.exe,ec2e6f3e0ef4ff00389444dd676356000fb45b9335164ea9e26b75102367f4f5,22,68,malicious ml trojan win32 generic
2022-05-29,ELF,Benign,,,0.0,ecf843b66828b9aeee306bbe6da74b94d87b0c4b16b04f3d2f5d87a31a68363b.elf,ecf843b66828b9aeee306bbe6da74b94d87b0c4b16b04f3d2f5d87a31a68363b,34,60,linux mirai trojan 1 a
2022-05-29,ELF,Benign,,,0.0,f219a45b40d7d5f77b2d1a6e2ff8f217497e1b8ce33073243d0fa328751fc31f.elf,f219a45b40d7d5f77b2d1a6e2ff8f217497e1b8ce33073243d0fa328751fc31f,5,59,linux gafgyt backdoor heur fe
2022-05-29,ELF,Benign,,,0.0,f61cf9f77b0f112b5c72d5f1d918b2831163f77403d21486106a12a86b1af044.elf,f61cf9f77b0f112b5c72d5f1d918b2831163f77403d21486106a12a86b1af044,13,59,mirai linux elf backdoor svirtu-aa
2022-05-29,EXE,Benign,,,0.0,f66a429adbab85ef580f3b0f07565d3a9df536cd564fe20b2b0822e599ac042d.exe,f66a429adbab85ef580f3b0f07565d3a9df536cd564fe20b2b0822e599ac042d,43,69,trojan msil generic generickd 50336920
2022-05-29,ELF,Benign,,,0.0,f7a037aa69eed62c7259be85175484609ef2d22d55fa487fc3bdad08db763b24.elf,f7a037aa69eed62c7259be85175484609ef2d22d55fa487fc3bdad08db763b24,16,60,linux mirai trojan elf backdoor
2022-05-29,ELF,Benign,,,0.0,f84a928b60f933f52d7583771d0c743ece127c49ce3dd0f87489cec8d825c3f5.elf,f84a928b60f933f52d7583771d0c743ece127c49ce3dd0f87489cec8d825c3f5,31,60,linux mirai trojan 1 elf
2022-05-29,EXE,Benign,,,0.0,fd07acf3326411ce1a0abd2201210c873e330c6801e85153f4f083a372be19cd.exe,fd07acf3326411ce1a0abd2201210c873e330c6801e85153f4f083a372be19cd,39,69,trojan generickdz 88148 msil malicious
2022-05-29,ELF,Benign,,,0.0,ff1bb27d8da79b48b9c56c4dadd4264ff1dbf102f08a932a805da8cf5e2ab1c0.elf,ff1bb27d8da79b48b9c56c4dadd4264ff1dbf102f08a932a805da8cf5e2ab1c0,19,59,linux mirai trojan backdoor 1
